"Name","Artist","Composer","Album","Genre","Time","Track Number","Track Count","Year"
"Eden","Nigel Mazlyn Jones","Nigel Mazlyn Jones","Angels Over Water","Rock",485,1,10,1993
"Flying","Nigel Mazlyn Jones","Nigel Mazlyn Jones","Angels Over Water","Rock",234,2,10,1993
"Water And Stone","Nigel Mazlyn Jones","Nigel Mazlyn Jones","Angels Over Water","Rock",278,3,10,1993
"Kelda","Nigel Mazlyn Jones","Nigel Mazlyn Jones","Angels Over Water","Rock",182,4,10,1993
"The Windsmith","Nigel Mazlyn Jones","Nigel Mazlyn Jones","Angels Over Water","Rock",295,5,10,1993
"First Light","Nigel Mazlyn Jones","Nigel Mazlyn Jones","Angels Over Water","Rock",295,6,10,1993
"Angels Over Water","Nigel Mazlyn Jones","Nigel Mazlyn Jones","Angels Over Water","Rock",359,7,10,1993
"The Great Rock","Nigel Mazlyn Jones","Nigel Mazlyn Jones","Angels Over Water","Rock",359,8,10,1993
"The Sea Of Glass","Nigel Mazlyn Jones","Nigel Mazlyn Jones","Angels Over Water","Rock",360,9,10,1993
"The Glistening Waters","Nigel Mazlyn Jones","Nigel Mazlyn Jones","Angels Over Water","Rock",361,10,10,1993
"Unseen Friends","Nigel Mazlyn Jones","Nigel Mazlyn Jones","Behind The Stone","Folk",348,1,15,1999
"Keep Your Head","Nigel Mazlyn Jones","Nigel Mazlyn Jones","Behind The Stone","Folk",200,2,15,1999
"Loving Is All","Nigel Mazlyn Jones","Nigel Mazlyn Jones","Behind The Stone","Folk",218,2,15,1999
"The Dance Of Chance #1","Nigel Mazlyn Jones","Nigel Mazlyn Jones","Behind The Stone","Folk",230,3,15,1999
"Unconditional Love","Nigel Mazlyn Jones","Nigel Mazlyn Jones","Behind The Stone","Folk",277,4,15,1999
"In The Mystery","Nigel Mazlyn Jones","Nigel Mazlyn Jones","Behind The Stone","Folk",309,5,15,1999
"Behind The Stones","Nigel Mazlyn Jones","Nigel Mazlyn Jones","Behind The Stone","Folk",321,6,15,1999
"Rocky Valley","Nigel Mazlyn Jones","Nigel Mazlyn Jones","Behind The Stone","Folk",242,7,15,1999
"The Visit","Nigel Mazlyn Jones","Nigel Mazlyn Jones","Behind The Stone","Folk",193,8,15,1999
"A Little Love","Nigel Mazlyn Jones","Nigel Mazlyn Jones","Behind The Stone","Folk",206,9,15,1999
"The Falling","Nigel Mazlyn Jones","Nigel Mazlyn Jones","Behind The Stone","Folk",293,10,15,1999
"The Dance Of Chance #2","Nigel Mazlyn Jones","Nigel Mazlyn Jones","Behind The Stone","Folk",246,11,15,1999
"The Passing","Nigel Mazlyn Jones","Nigel Mazlyn Jones","Behind The Stone","Folk",118,13,15,1999
"One Minutes Silence","Nigel Mazlyn Jones","Nigel Mazlyn Jones","Behind The Stone","Folk",54,14,15,1999
"A.D.E.N.D.U.M?","Nigel Mazlyn Jones","Nigel Mazlyn Jones","Behind The Stone","Folk",243,15,15,1999
"Someone At The Door ","Nigel Mazlyn Jones","Nigel Mazlyn Jones","Mazlyn Jones And Guy Evans With Nik Turner And Friends","Folk",540,1,9,1997
"20th Century ","Nigel Mazlyn Jones","Nigel Mazlyn Jones","Mazlyn Jones And Guy Evans With Nik Turner And Friends","Folk",397,2,9,1997
"Spirit Moves","Nigel Mazlyn Jones","Nigel Mazlyn Jones","Mazlyn Jones And Guy Evans With Nik Turner And Friends","Folk",256,3,9,1997
"Well Beyond This Point","Nigel Mazlyn Jones","Nigel Mazlyn Jones","Mazlyn Jones And Guy Evans With Nik Turner And Friends","Folk",269,4,9,1997
"Behind The Stones","Nigel Mazlyn Jones","Nigel Mazlyn Jones","Mazlyn Jones And Guy Evans With Nik Turner And Friends","Folk",206,5,9,1997
"The Windsmith","Nigel Mazlyn Jones","Nigel Mazlyn Jones","Mazlyn Jones And Guy Evans With Nik Turner And Friends","Folk",255,6,9,1997
"Unseen Friends and First Light","Nigel Mazlyn Jones","Nigel Mazlyn Jones","Mazlyn Jones And Guy Evans With Nik Turner And Friends","Folk",473,7,9,1997
"Ship To Shore and How High The Moon ","Nigel Mazlyn Jones","Nigel Mazlyn Jones","Mazlyn Jones And Guy Evans With Nik Turner And Friends","Folk",674,8,9,1997
"Parachute Landings including First Light, Sea Of Glass and It's Your World","Nigel Mazlyn Jones","Nigel Mazlyn Jones","Mazlyn Jones And Guy Evans With Nik Turner And Friends","Folk",694,9,9,1997
"A Singularly Fine Day","Nigel Mazlyn Jones","Nigel Mazlyn Jones","Ship to Shore","Folk",323,1,15,1976
"Take Me Home","Nigel Mazlyn Jones","Nigel Mazlyn Jones","Ship to Shore","Folk",383,2,15,1976
"The Man And The Deer","Nigel Mazlyn Jones","Nigel Mazlyn Jones","Ship to Shore","Folk",336,3,15,1976
"Follow Every Sunset","Nigel Mazlyn Jones","Nigel Mazlyn Jones","Ship to Shore","Folk",225,4,15,1976
"How High The Moon","Nigel Mazlyn Jones","Nigel Mazlyn Jones","Ship to Shore","Folk",210,5,15,1976
"Reality","Nigel Mazlyn Jones","Nigel Mazlyn Jones","Ship to Shore","Folk",222,6,15,1976
"Port Quin Song","Nigel Mazlyn Jones","Nigel Mazlyn Jones","Ship to Shore","Folk",223,7,15,1976
"Ship To Shore","Nigel Mazlyn Jones","Nigel Mazlyn Jones","Ship to Shore","Folk",691,8,15,1976
"All Brave Men","Nigel Mazlyn Jones","Nigel Mazlyn Jones","Ship to Shore","Folk",432,9,15,1976
"The Hunter And The Lady","Nigel Mazlyn Jones","Nigel Mazlyn Jones","Ship to Shore","Folk",383,10,15,1976
"Hunters Tale","Nigel Mazlyn Jones","Nigel Mazlyn Jones","Ship to Shore","Folk",149,11,15,1976
"Ships Tales","Nigel Mazlyn Jones","Nigel Mazlyn Jones","Ship to Shore","Folk",88,12,15,1976
"Neap Tide","Nigel Mazlyn Jones","Nigel Mazlyn Jones","Ship to Shore","Folk",102,13,15,1976
"High Tide","Nigel Mazlyn Jones","Nigel Mazlyn Jones","Ship to Shore","Folk",107,14,15,1976
"Frozen Waves","Nigel Mazlyn Jones","Nigel Mazlyn Jones","Ship to Shore","Folk",170,15,15,1976
